{
  "Registration-Submit Registration" : {
    "transaction" : "Registration-Submit Registration",
    "sampleCount" : 143,
    "errorCount" : 0,
    "errorPct" : 0.0,
    "meanResTime" : 41.57342657342657,
    "medianResTime" : 43.0,
    "minResTime" : 8.0,
    "maxResTime" : 117.0,
    "pct1ResTime" : 54.19999999999999,
    "pct2ResTime" : 76.0,
    "pct3ResTime" : 115.68,
    "throughput" : 0.48933556442975296,
    "receivedKBytesPerSec" : 0.09318401861699398,
    "sentKBytesPerSec" : 0.24705711602556862
  },
  "LoginTodoLogout-Logout" : {
    "transaction" : "LoginTodoLogout-Logout",
    "sampleCount" : 96,
    "errorCount" : 0,
    "errorPct" : 0.0,
    "meanResTime" : 1.6875,
    "medianResTime" : 2.0,
    "minResTime" : 0.0,
    "maxResTime" : 3.0,
    "pct1ResTime" : 2.0,
    "pct2ResTime" : 2.0,
    "pct3ResTime" : 3.0,
    "throughput" : 0.3387988170274639,
    "receivedKBytesPerSec" : 0.055584180918568295,
    "sentKBytesPerSec" : 0.21509230723758974
  },
  "Create/Edit Todos-AccessLoginPage" : {
    "transaction" : "Create/Edit Todos-AccessLoginPage",
    "sampleCount" : 40,
    "errorCount" : 0,
    "errorPct" : 0.0,
    "meanResTime" : 2.2249999999999996,
    "medianResTime" : 2.0,
    "minResTime" : 1.0,
    "maxResTime" : 4.0,
    "pct1ResTime" : 3.0,
    "pct2ResTime" : 3.9499999999999957,
    "pct3ResTime" : 4.0,
    "throughput" : 0.13362954549250838,
    "receivedKBytesPerSec" : 0.6231260544206324,
    "sentKBytesPerSec" : 0.05585297409257187
  },
  "Create/Edit Todos - POST /todo" : {
    "transaction" : "Create/Edit Todos - POST /todo",
    "sampleCount" : 120,
    "errorCount" : 0,
    "errorPct" : 0.0,
    "meanResTime" : 39.44166666666667,
    "medianResTime" : 42.0,
    "minResTime" : 7.0,
    "maxResTime" : 102.0,
    "pct1ResTime" : 51.900000000000006,
    "pct2ResTime" : 74.89999999999998,
    "pct3ResTime" : 97.37999999999982,
    "throughput" : 0.4095171792456693,
    "receivedKBytesPerSec" : 0.1108075902729432,
    "sentKBytesPerSec" : 0.28120312947909415
  },
  "LoginTodoLogout-Login" : {
    "transaction" : "LoginTodoLogout-Login",
    "sampleCount" : 100,
    "errorCount" : 0,
    "errorPct" : 0.0,
    "meanResTime" : 4.080000000000002,
    "medianResTime" : 2.0,
    "minResTime" : 1.0,
    "maxResTime" : 81.0,
    "pct1ResTime" : 3.0,
    "pct2ResTime" : 4.0,
    "pct3ResTime" : 80.74999999999987,
    "throughput" : 0.3379657167576921,
    "receivedKBytesPerSec" : 0.09937644269115342,
    "sentKBytesPerSec" : 0.1663755056812037
  },
  "LoginTodoLogout-AccessLoginPage" : {
    "transaction" : "LoginTodoLogout-AccessLoginPage",
    "sampleCount" : 104,
    "errorCount" : 0,
    "errorPct" : 0.0,
    "meanResTime" : 2.2692307692307687,
    "medianResTime" : 2.0,
    "minResTime" : 1.0,
    "maxResTime" : 5.0,
    "pct1ResTime" : 3.0,
    "pct2ResTime" : 3.75,
    "pct3ResTime" : 4.950000000000003,
    "throughput" : 0.3479843674714921,
    "receivedKBytesPerSec" : 1.622681010426147,
    "sentKBytesPerSec" : 0.1454465910916002
  },
  "Create/Edit Todos-AccessTodo" : {
    "transaction" : "Create/Edit Todos-AccessTodo",
    "sampleCount" : 37,
    "errorCount" : 0,
    "errorPct" : 0.0,
    "meanResTime" : 369.05405405405406,
    "medianResTime" : 352.0,
    "minResTime" : 318.0,
    "maxResTime" : 497.0,
    "pct1ResTime" : 435.6,
    "pct2ResTime" : 490.7,
    "pct3ResTime" : 497.0,
    "throughput" : 0.13440323148958738,
    "receivedKBytesPerSec" : 81.69931431648692,
    "sentKBytesPerSec" : 0.06997212154592776
  },
  "Registration-Open Registration Page" : {
    "transaction" : "Registration-Open Registration Page",
    "sampleCount" : 148,
    "errorCount" : 0,
    "errorPct" : 0.0,
    "meanResTime" : 1.4459459459459456,
    "medianResTime" : 1.0,
    "minResTime" : 0.0,
    "maxResTime" : 3.0,
    "pct1ResTime" : 2.0,
    "pct2ResTime" : 2.549999999999983,
    "pct3ResTime" : 3.0,
    "throughput" : 0.5041318372880432,
    "receivedKBytesPerSec" : 2.3394868074148256,
    "sentKBytesPerSec" : 0.24665043992315394
  },
  "Create/Edit Todos - PUT /todo" : {
    "transaction" : "Create/Edit Todos - PUT /todo",
    "sampleCount" : 118,
    "errorCount" : 1,
    "errorPct" : 0.84745765,
    "meanResTime" : 46.22881355932203,
    "medianResTime" : 43.0,
    "minResTime" : 4.0,
    "maxResTime" : 234.0,
    "pct1ResTime" : 62.2000000000001,
    "pct2ResTime" : 81.79999999999995,
    "pct3ResTime" : 210.82000000000028,
    "throughput" : 0.411351918538376,
    "receivedKBytesPerSec" : 0.11082453618328168,
    "sentKBytesPerSec" : 0.3041563973938416
  },
  "Create/Edit Todos-ReturnToLoginPage" : {
    "transaction" : "Create/Edit Todos-ReturnToLoginPage",
    "sampleCount" : 28,
    "errorCount" : 0,
    "errorPct" : 0.0,
    "meanResTime" : 0.6071428571428572,
    "medianResTime" : 1.0,
    "minResTime" : 0.0,
    "maxResTime" : 2.0,
    "pct1ResTime" : 1.0,
    "pct2ResTime" : 1.5499999999999972,
    "pct3ResTime" : 2.0,
    "throughput" : 0.11036570464560784,
    "receivedKBytesPerSec" : 0.5104413839859363,
    "sentKBytesPerSec" : 0.05518285232280392
  },
  "Create/Edit Subtasks-Add Subtasks" : {
    "transaction" : "Create/Edit Subtasks-Add Subtasks",
    "sampleCount" : 116,
    "errorCount" : 2,
    "errorPct" : 1.7241379,
    "meanResTime" : 41.89655172413793,
    "medianResTime" : 43.0,
    "minResTime" : 2.0,
    "maxResTime" : 122.0,
    "pct1ResTime" : 52.0,
    "pct2ResTime" : 61.14999999999999,
    "pct3ResTime" : 119.44999999999997,
    "throughput" : 0.4118718510444147,
    "receivedKBytesPerSec" : 0.13822103648794032,
    "sentKBytesPerSec" : 0.3773746709019638
  },
  "Registration-Open Home Page" : {
    "transaction" : "Registration-Open Home Page",
    "sampleCount" : 150,
    "errorCount" : 0,
    "errorPct" : 0.0,
    "meanResTime" : 3.773333333333336,
    "medianResTime" : 2.0,
    "minResTime" : 1.0,
    "maxResTime" : 28.0,
    "pct1ResTime" : 3.0,
    "pct2ResTime" : 27.0,
    "pct3ResTime" : 27.49000000000001,
    "throughput" : 0.5023678270247097,
    "receivedKBytesPerSec" : 2.3425843496513568,
    "sentKBytesPerSec" : 0.21978592432331054
  },
  "Create/Edit Todos-AccessDashboard" : {
    "transaction" : "Create/Edit Todos-AccessDashboard",
    "sampleCount" : 37,
    "errorCount" : 0,
    "errorPct" : 0.0,
    "meanResTime" : 1.0270270270270272,
    "medianResTime" : 1.0,
    "minResTime" : 0.0,
    "maxResTime" : 2.0,
    "pct1ResTime" : 1.0,
    "pct2ResTime" : 2.0,
    "pct3ResTime" : 2.0,
    "throughput" : 0.13457530579510366,
    "receivedKBytesPerSec" : 3.2706793313698674,
    "sentKBytesPerSec" : 0.0853065645925096
  },
  "LoginTodoLogout-AccessDashboard" : {
    "transaction" : "LoginTodoLogout-AccessDashboard",
    "sampleCount" : 100,
    "errorCount" : 0,
    "errorPct" : 0.0,
    "meanResTime" : 0.8400000000000001,
    "medianResTime" : 1.0,
    "minResTime" : 0.0,
    "maxResTime" : 2.0,
    "pct1ResTime" : 1.0,
    "pct2ResTime" : 1.0,
    "pct3ResTime" : 2.0,
    "throughput" : 0.33796914341720596,
    "receivedKBytesPerSec" : 8.213904367406256,
    "sentKBytesPerSec" : 0.21423415135948087
  },
  "Create/Edit Subtasks-Edit Subtasks" : {
    "transaction" : "Create/Edit Subtasks-Edit Subtasks",
    "sampleCount" : 113,
    "errorCount" : 0,
    "errorPct" : 0.0,
    "meanResTime" : 43.06194690265487,
    "medianResTime" : 43.0,
    "minResTime" : 9.0,
    "maxResTime" : 128.0,
    "pct1ResTime" : 55.20000000000002,
    "pct2ResTime" : 75.0,
    "pct3ResTime" : 123.79999999999998,
    "throughput" : 0.4076096758601286,
    "receivedKBytesPerSec" : 0.13616696643713072,
    "sentKBytesPerSec" : 0.3921805900240237
  },
  "Create/Edit Todos - GET /todo" : {
    "transaction" : "Create/Edit Todos - GET /todo",
    "sampleCount" : 237,
    "errorCount" : 0,
    "errorPct" : 0.0,
    "meanResTime" : 384.6075949367089,
    "medianResTime" : 370.0,
    "minResTime" : 305.0,
    "maxResTime" : 628.0,
    "pct1ResTime" : 451.6,
    "pct2ResTime" : 507.5,