{
  "Registration-Submit Registration" : {
    "transaction" : "Registration-Submit Registration",
    "sampleCount" : 513,
    "errorCount" : 220,
    "errorPct" : 42.88499,
    "meanResTime" : 9630.272904483432,
    "medianResTime" : 9092.0,
    "minResTime" : 49.0,
    "maxResTime" : 33118.0,
    "pct1ResTime" : 16457.0,
    "pct2ResTime" : 17564.7,
    "pct3ResTime" : 24632.600000000035,
    "throughput" : 1.8065988399733763,
    "receivedKBytesPerSec" : 0.3442123246665892,
    "sentKBytesPerSec" : 0.9121207033849957
  },
  "LoginTodoLogout-Logout" : {
    "transaction" : "LoginTodoLogout-Logout",
    "sampleCount" : 297,
    "errorCount" : 57,
    "errorPct" : 19.19192,
    "meanResTime" : 5639.797979797981,
    "medianResTime" : 4667.0,
    "minResTime" : 0.0,
    "maxResTime" : 21632.0,
    "pct1ResTime" : 13988.6,
    "pct2ResTime" : 16447.69999999999,
    "pct3ResTime" : 20015.539999999975,
    "throughput" : 1.0788662096923598,
    "receivedKBytesPerSec" : 0.17700148752765277,
    "sentKBytesPerSec" : 0.6861007034879708
  },
  "Create/Edit Todos-AccessLoginPage" : {
    "transaction" : "Create/Edit Todos-AccessLoginPage",
    "sampleCount" : 4080,
    "errorCount" : 646,
    "errorPct" : 15.833333,
    "meanResTime" : 4424.168627450974,
    "medianResTime" : 2101.0,
    "minResTime" : 0.0,
    "maxResTime" : 21959.0,
    "pct1ResTime" : 13492.800000000001,
    "pct2ResTime" : 17010.199999999993,
    "pct3ResTime" : 20819.32,
    "throughput" : 13.731964175728754,
    "receivedKBytesPerSec" : 64.03332904209452,
    "sentKBytesPerSec" : 5.739531901574127
  },
  "Create/Edit Todos - POST /todo" : {
    "transaction" : "Create/Edit Todos - POST /todo",
    "sampleCount" : 848,
    "errorCount" : 355,
    "errorPct" : 41.86321,
    "meanResTime" : 10082.189858490568,
    "medianResTime" : 9006.0,
    "minResTime" : 10.0,
    "maxResTime" : 35412.0,
    "pct1ResTime" : 17880.800000000003,
    "pct2ResTime" : 22997.249999999993,
    "pct3ResTime" : 34069.92,
    "throughput" : 2.9122379243436307,
    "receivedKBytesPerSec" : 0.7928506308274808,
    "sentKBytesPerSec" : 2.008830833490736
  },
  "LoginTodoLogout-Login" : {
    "transaction" : "LoginTodoLogout-Login",
    "sampleCount" : 1013,
    "errorCount" : 414,
    "errorPct" : 40.868706,
    "meanResTime" : 9587.386969397829,
    "medianResTime" : 8682.0,
    "minResTime" : 1.0,
    "maxResTime" : 34730.0,
    "pct1ResTime" : 17666.4,
    "pct2ResTime" : 21803.2,
    "pct3ResTime" : 27449.260000000002,
    "throughput" : 3.5015191684842537,
    "receivedKBytesPerSec" : 1.0338627991241018,
    "sentKBytesPerSec" : 1.7280116186576011
  },
  "LoginTodoLogout-AccessLoginPage" : {
    "transaction" : "LoginTodoLogout-AccessLoginPage",
    "sampleCount" : 1444,
    "errorCount" : 249,
    "errorPct" : 17.243767,
    "meanResTime" : 4441.029085872578,
    "medianResTime" : 2069.5,
    "minResTime" : 0.0,
    "maxResTime" : 21918.0,
    "pct1ResTime" : 13561.5,
    "pct2ResTime" : 16481.25,
    "pct3ResTime" : 20515.249999999985,
    "throughput" : 4.875775768339873,
    "receivedKBytesPerSec" : 22.736161419748917,
    "sentKBytesPerSec" : 2.0379219031733062
  },
  "Create/Edit Todos-AccessTodo" : {
    "transaction" : "Create/Edit Todos-AccessTodo",
    "sampleCount" : 1614,
    "errorCount" : 737,
    "errorPct" : 45.66295,
    "meanResTime" : 11643.70384138784,
    "medianResTime" : 9349.0,
    "minResTime" : 338.0,
    "maxResTime" : 36957.0,
    "pct1ResTime" : 25363.0,
    "pct2ResTime" : 31615.5,
    "pct3ResTime" : 35573.649999999994,
    "throughput" : 5.452850077029109,
    "receivedKBytesPerSec" : 3555.8258397291984,
    "sentKBytesPerSec" : 2.8477101207549524
  },
  "Registration-Open Registration Page" : {
    "transaction" : "Registration-Open Registration Page",
    "sampleCount" : 633,
    "errorCount" : 82,
    "errorPct" : 12.954186,
    "meanResTime" : 3122.4834123222763,
    "medianResTime" : 2.0,
    "minResTime" : 0.0,
    "maxResTime" : 21854.0,
    "pct1ResTime" : 12509.200000000008,
    "pct2ResTime" : 17741.699999999993,
    "pct3ResTime" : 21093.799999999996,
    "throughput" : 2.1603948095917436,
    "receivedKBytesPerSec" : 10.025582163261683,
    "sentKBytesPerSec" : 1.0569900386772104
  },
  "Create/Edit Todos - PUT /todo" : {
    "transaction" : "Create/Edit Todos - PUT /todo",
    "sampleCount" : 314,
    "errorCount" : 106,
    "errorPct" : 33.75796,
    "meanResTime" : 9200.977707006368,
    "medianResTime" : 7556.5,
    "minResTime" : 18.0,
    "maxResTime" : 34367.0,
    "pct1ResTime" : 21544.5,
    "pct2ResTime" : 26741.25,
    "pct3ResTime" : 33801.950000000004,
    "throughput" : 1.1118547082089578,
    "receivedKBytesPerSec" : 0.3011250115080503,
    "sentKBytesPerSec" : 0.82506634833629
  },
  "Create/Edit Todos-ReturnToLoginPage" : {
    "transaction" : "Create/Edit Todos-ReturnToLoginPage",
    "sampleCount" : 64,
    "errorCount" : 6,
    "errorPct" : 9.375,
    "meanResTime" : 2644.3437499999995,
    "medianResTime" : 456.0,
    "minResTime" : 0.0,
    "maxResTime" : 21581.0,
    "pct1ResTime" : 9820.5,
    "pct2ResTime" : 19072.5,
    "pct3ResTime" : 21581.0,
    "throughput" : 0.23413806097101444,
    "receivedKBytesPerSec" : 1.0828885319909418,
    "sentKBytesPerSec" : 0.11706903048550721
  },
  "Create/Edit Subtasks-Add Subtasks" : {
    "transaction" : "Create/Edit Subtasks-Add Subtasks",
    "sampleCount" : 152,
    "errorCount" : 35,
    "errorPct" : 23.026316,
    "meanResTime" : 6489.52631578947,
    "medianResTime" : 5704.0,
    "minResTime" : 49.0,
    "maxResTime" : 29636.0,
    "pct1ResTime" : 12360.800000000001,
    "pct2ResTime" : 16642.149999999998,
    "pct3ResTime" : 29564.98,
    "throughput" : 0.710672239833179,
    "receivedKBytesPerSec" : 0.2388327734451707,
    "sentKBytesPerSec" : 0.653342877147212
  },
  "Registration-Open Home Page" : {
    "transaction" : "Registration-Open Home Page",
    "sampleCount" : 887,
    "errorCount" : 205,
    "errorPct" : 23.111612,
    "meanResTime" : 5655.177001127402,
    "medianResTime" : 3707.0,
    "minResTime" : 0.0,
    "maxResTime" : 21885.0,
    "pct1ResTime" : 14985.4,
    "pct2ResTime" : 16642.0,
    "pct3ResTime" : 20715.76,
    "throughput" : 2.9896222694839447,
    "receivedKBytesPerSec" : 13.940865563267419,
    "sentKBytesPerSec" : 1.3079597428992258
  },
  "Create/Edit Todos-AccessDashboard" : {
    "transaction" : "Create/Edit Todos-AccessDashboard",
    "sampleCount" : 1665,
    "errorCount" : 51,
    "errorPct" : 3.0630631,
    "meanResTime" : 2468.2582582582586,
    "medianResTime" : 867.0,
    "minResTime" : 0.0,
    "maxResTime" : 16897.0,
    "pct1ResTime" : 7622.0,
    "pct2ResTime" : 9057.599999999999,
    "pct3ResTime" : 13804.639999999996,
    "throughput" : 5.654994395951499,
    "receivedKBytesPerSec" : 137.43734915238767,
    "sentKBytesPerSec" : 3.5938747113065923
  },
  "LoginTodoLogout-AccessDashboard" : {
    "transaction" : "LoginTodoLogout-AccessDashboard",
    "sampleCount" : 595,
    "errorCount" : 13,
    "errorPct" : 2.184874,
    "meanResTime" : 2387.1462184873953,
    "medianResTime" : 778.0,
    "minResTime" : 0.0,
    "maxResTime" : 16644.0,
    "pct1ResTime" : 7537.8,
    "pct2ResTime" : 8732.599999999999,
    "pct3ResTime" : 13887.119999999988,
    "throughput" : 2.0648465940442193,
    "receivedKBytesPerSec" : 50.18343475193211,
    "sentKBytesPerSec" : 1.3112867128423047
  },
  "Create/Edit Subtasks-Edit Subtasks" : {
    "transaction" : "Create/Edit Subtasks-Edit Subtasks",
    "sampleCount" : 105,
    "errorCount" : 14,
    "errorPct" : 13.333333,
    "meanResTime" : 5465.609523809526,
    "medianResTime" : 5049.0,
    "minResTime" : 28.0,
    "maxResTime" : 17030.0,
    "pct1ResTime" : 11479.0,
    "pct2ResTime" : 12388.6,
    "pct3ResTime" : 16862.719999999994,
    "throughput" : 0.7137710222560603,
    "receivedKBytesPerSec" : 0.2390522182983699,
    "sentKBytesPerSec" : 0.6885779323243104
  },