{
  "Registration-Submit Registration" : {
    "transaction" : "Registration-Submit Registration",
    "sampleCount" : 431,
    "errorCount" : 1,
    "errorPct" : 0.23201856,
    "meanResTime" : 14042.350348027838,
    "medianResTime" : 15237.0,
    "minResTime" : 10.0,
    "maxResTime" : 26662.0,
    "pct1ResTime" : 23768.4,
    "pct2ResTime" : 24841.8,
    "pct3ResTime" : 26482.4,
    "throughput" : 1.3962589331415503,
    "receivedKBytesPerSec" : 0.2660568258758204,
    "sentKBytesPerSec" : 0.7049471371427553
  },
  "LoginTodoLogout-Logout" : {
    "transaction" : "LoginTodoLogout-Logout",
    "sampleCount" : 482,
    "errorCount" : 0,
    "errorPct" : 0.0,
    "meanResTime" : 8651.742738589212,
    "medianResTime" : 9680.0,
    "minResTime" : 0.0,
    "maxResTime" : 18828.0,
    "pct1ResTime" : 16503.0,
    "pct2ResTime" : 17954.7,
    "pct3ResTime" : 18645.24,
    "throughput" : 1.6374618661629716,
    "receivedKBytesPerSec" : 0.2686460874173625,
    "sentKBytesPerSec" : 1.041371842492815
  },
  "Create/Edit Todos-AccessLoginPage" : {
    "transaction" : "Create/Edit Todos-AccessLoginPage",
    "sampleCount" : 728,
    "errorCount" : 0,
    "errorPct" : 0.0,
    "meanResTime" : 3388.081043956043,
    "medianResTime" : 860.0,
    "minResTime" : 0.0,
    "maxResTime" : 18831.0,
    "pct1ResTime" : 8768.800000000001,
    "pct2ResTime" : 14572.699999999999,
    "pct3ResTime" : 16570.81,
    "throughput" : 2.318958762032784,
    "receivedKBytesPerSec" : 10.813503992877482,
    "sentKBytesPerSec" : 0.9692522950683901
  },
  "Create/Edit Todos - POST /todo" : {
    "transaction" : "Create/Edit Todos - POST /todo",
    "sampleCount" : 1112,
    "errorCount" : 1,
    "errorPct" : 0.08992806,
    "meanResTime" : 12557.24910071943,
    "medianResTime" : 12547.5,
    "minResTime" : 9.0,
    "maxResTime" : 28190.0,
    "pct1ResTime" : 23649.7,
    "pct2ResTime" : 24689.949999999986,
    "pct3ResTime" : 26215.929999999997,
    "throughput" : 3.4648976577665747,
    "receivedKBytesPerSec" : 0.9419831446516874,
    "sentKBytesPerSec" : 2.3899921284193275
  },
  "LoginTodoLogout-Login" : {
    "transaction" : "LoginTodoLogout-Login",
    "sampleCount" : 602,
    "errorCount" : 0,
    "errorPct" : 0.0,
    "meanResTime" : 12896.250830564795,
    "medianResTime" : 12601.5,
    "minResTime" : 1.0,
    "maxResTime" : 28403.0,
    "pct1ResTime" : 23595.600000000017,
    "pct2ResTime" : 25578.050000000007,
    "pct3ResTime" : 26403.2,
    "throughput" : 1.8956331162696964,
    "receivedKBytesPerSec" : 0.5595802880921492,
    "sentKBytesPerSec" : 0.9353747437588956
  },
  "LoginTodoLogout-AccessLoginPage" : {
    "transaction" : "LoginTodoLogout-AccessLoginPage",
    "sampleCount" : 634,
    "errorCount" : 0,
    "errorPct" : 0.0,
    "meanResTime" : 6882.859621451103,
    "medianResTime" : 5349.0,
    "minResTime" : 0.0,
    "maxResTime" : 18831.0,
    "pct1ResTime" : 15649.0,
    "pct2ResTime" : 16378.25,
    "pct3ResTime" : 18256.499999999996,
    "throughput" : 1.9971334519853206,
    "receivedKBytesPerSec" : 9.31280491526358,
    "sentKBytesPerSec" : 0.8347393725094896
  },
  "Create/Edit Todos-AccessTodo" : {
    "transaction" : "Create/Edit Todos-AccessTodo",
    "sampleCount" : 702,
    "errorCount" : 0,
    "errorPct" : 0.0,
    "meanResTime" : 10202.735042735041,
    "medianResTime" : 8798.0,
    "minResTime" : 171.0,
    "maxResTime" : 26852.0,
    "pct1ResTime" : 21922.0,
    "pct2ResTime" : 23537.75,
    "pct3ResTime" : 25027.37,
    "throughput" : 2.178250387089367,
    "receivedKBytesPerSec" : 1237.0340243263172,
    "sentKBytesPerSec" : 1.1375719683688257
  },
  "Registration-Open Registration Page" : {
    "transaction" : "Registration-Open Registration Page",
    "sampleCount" : 476,
    "errorCount" : 0,
    "errorPct" : 0.0,
    "meanResTime" : 8134.306722689078,
    "medianResTime" : 7662.5,
    "minResTime" : 0.0,
    "maxResTime" : 18627.0,
    "pct1ResTime" : 16279.9,
    "pct2ResTime" : 17760.85,
    "pct3ResTime" : 18437.22,
    "throughput" : 1.5195045648981675,
    "receivedKBytesPerSec" : 7.05145087148056,
    "sentKBytesPerSec" : 0.7434294795058418
  },
  "Create/Edit Todos - PUT /todo" : {
    "transaction" : "Create/Edit Todos - PUT /todo",
    "sampleCount" : 991,
    "errorCount" : 6,
    "errorPct" : 0.605449,
    "meanResTime" : 13513.007063572151,
    "medianResTime" : 13168.0,
    "minResTime" : 10.0,
    "maxResTime" : 31608.0,
    "pct1ResTime" : 23704.600000000002,
    "pct2ResTime" : 24505.2,
    "pct3ResTime" : 26179.32,
    "throughput" : 3.1147458543392714,
    "receivedKBytesPerSec" : 0.8420136706226977,
    "sentKBytesPerSec" : 2.3114430568826143
  },
  "Create/Edit Todos-ReturnToLoginPage" : {
    "transaction" : "Create/Edit Todos-ReturnToLoginPage",
    "sampleCount" : 120,
    "errorCount" : 0,
    "errorPct" : 0.0,
    "meanResTime" : 8022.158333333333,
    "medianResTime" : 9379.5,
    "minResTime" : 0.0,
    "maxResTime" : 18223.0,
    "pct1ResTime" : 15468.6,
    "pct2ResTime" : 17785.64999999999,
    "pct3ResTime" : 18221.74,
    "throughput" : 0.39763407724041955,
    "receivedKBytesPerSec" : 1.83905760723694,
    "sentKBytesPerSec" : 0.19881703862020975
  },
  "Create/Edit Subtasks-Add Subtasks" : {
    "transaction" : "Create/Edit Subtasks-Add Subtasks",
    "sampleCount" : 825,
    "errorCount" : 4,
    "errorPct" : 0.4848485,
    "meanResTime" : 14039.553939393956,
    "medianResTime" : 14639.0,
    "minResTime" : 11.0,
    "maxResTime" : 33721.0,
    "pct1ResTime" : 24118.6,
    "pct2ResTime" : 25792.899999999998,
    "pct3ResTime" : 26303.36,
    "throughput" : 2.6629482226031045,
    "receivedKBytesPerSec" : 0.894086126604628,
    "sentKBytesPerSec" : 2.44938595339195
  },
  "Registration-Open Home Page" : {
    "transaction" : "Registration-Open Home Page",
    "sampleCount" : 499,
    "errorCount" : 0,
    "errorPct" : 0.0,
    "meanResTime" : 7704.937875751504,
    "medianResTime" : 7250.0,
    "minResTime" : 0.0,
    "maxResTime" : 18613.0,
    "pct1ResTime" : 15802.0,
    "pct2ResTime" : 16946.0,
    "pct3ResTime" : 18345.0,
    "throughput" : 1.5798388501052698,
    "receivedKBytesPerSec" : 7.366924325442054,
    "sentKBytesPerSec" : 0.6911794969210555
  },
  "Create/Edit Todos-AccessDashboard" : {
    "transaction" : "Create/Edit Todos-AccessDashboard",
    "sampleCount" : 711,
    "errorCount" : 0,
    "errorPct" : 0.0,
    "meanResTime" : 4903.268635724336,
    "medianResTime" : 3006.0,
    "minResTime" : 0.0,
    "maxResTime" : 18675.0,
    "pct1ResTime" : 13305.000000000007,
    "pct2ResTime" : 14858.399999999998,
    "pct3ResTime" : 17919.68,
    "throughput" : 2.263977914274524,
    "receivedKBytesPerSec" : 55.02306479741219,
    "sentKBytesPerSec" : 1.4388056282618318
  },
  "LoginTodoLogout-AccessDashboard" : {
    "transaction" : "LoginTodoLogout-AccessDashboard",
    "sampleCount" : 557,
    "errorCount" : 0,
    "errorPct" : 0.0,
    "meanResTime" : 7669.962298025135,
    "medianResTime" : 7518.0,
    "minResTime" : 0.0,
    "maxResTime" : 18866.0,
    "pct1ResTime" : 15834.2,
    "pct2ResTime" : 17399.100000000006,
    "pct3ResTime" : 18523.94,
    "throughput" : 1.8024606662308833,
    "receivedKBytesPerSec" : 43.80648300828906,
    "sentKBytesPerSec" : 1.1446014563688023
  },
  "Create/Edit Subtasks-Edit Subtasks" : {
    "transaction" : "Create/Edit Subtasks-Edit Subtasks",
    "sampleCount" : 660,
    "errorCount" : 4,
    "errorPct" : 0.6060606,
    "meanResTime" : 14058.392424242413,
    "medianResTime" : 16633.0,
    "minResTime" : 17.0,
    "maxResTime" : 26625.0,
    "pct1ResTime" : 23730.6,
    "pct2ResTime" : 25697.149999999998,
    "pct3ResTime" : 26364.38,
    "throughput" : 2.138711653062084,
    "receivedKBytesPerSec" : 0.7154386677851697,
    "sentKBytesPerSec" : 2.063228270811123
  },
  "Create/Edit Todos - GET /todo" : {
    "transaction" : "Create/Edit Todos - GET /todo",
    "sampleCount" : 1978,
    "errorCount" : 0,
    "errorPct" : 0.0,