{
  "Registration-Submit Registration" : {
    "transaction" : "Registration-Submit Registration",
    "sampleCount" : 196,
    "errorCount" : 2,
    "errorPct" : 1.0204082,
    "meanResTime" : 1526.3673469387763,
    "medianResTime" : 1726.5,
    "minResTime" : 10.0,
    "maxResTime" : 3340.0,
    "pct1ResTime" : 2608.1000000000004,
    "pct2ResTime" : 2786.5999999999995,
    "pct3ResTime" : 3140.1800000000003,
    "throughput" : 0.6787479178715019,
    "receivedKBytesPerSec" : 0.12961222845754536,
    "sentKBytesPerSec" : 0.34268815775348294
  },
  "LoginTodoLogout-Logout" : {
    "transaction" : "LoginTodoLogout-Logout",
    "sampleCount" : 409,
    "errorCount" : 0,
    "errorPct" : 0.0,
    "meanResTime" : 1.508557457212713,
    "medianResTime" : 2.0,
    "minResTime" : 0.0,
    "maxResTime" : 11.0,
    "pct1ResTime" : 2.0,
    "pct2ResTime" : 2.0,
    "pct3ResTime" : 4.899999999999977,
    "throughput" : 1.4383732666547095,
    "receivedKBytesPerSec" : 0.2359831140605383,
    "sentKBytesPerSec" : 0.914163250969759
  },
  "Create/Edit Todos-AccessLoginPage" : {
    "transaction" : "Create/Edit Todos-AccessLoginPage",
    "sampleCount" : 248,
    "errorCount" : 0,
    "errorPct" : 0.0,
    "meanResTime" : 2.536290322580647,
    "medianResTime" : 2.0,
    "minResTime" : 0.0,
    "maxResTime" : 174.0,
    "pct1ResTime" : 3.0,
    "pct2ResTime" : 3.0,
    "pct3ResTime" : 10.549999999999955,
    "throughput" : 0.8318295554407691,
    "receivedKBytesPerSec" : 3.878892702372727,
    "sentKBytesPerSec" : 0.347678759500634
  },
  "Create/Edit Todos - POST /todo" : {
    "transaction" : "Create/Edit Todos - POST /todo",
    "sampleCount" : 779,
    "errorCount" : 2,
    "errorPct" : 0.2567394,
    "meanResTime" : 1342.0410783055197,
    "medianResTime" : 1578.0,
    "minResTime" : 3.0,
    "maxResTime" : 4249.0,
    "pct1ResTime" : 2499.0,
    "pct2ResTime" : 2688.0,
    "pct3ResTime" : 2968.600000000001,
    "throughput" : 2.629278484131511,
    "receivedKBytesPerSec" : 0.7131059586150217,
    "sentKBytesPerSec" : 1.8101834282466864
  },
  "LoginTodoLogout-Login" : {
    "transaction" : "LoginTodoLogout-Login",
    "sampleCount" : 434,
    "errorCount" : 0,
    "errorPct" : 0.0,
    "meanResTime" : 1429.2603686635946,
    "medianResTime" : 1646.0,
    "minResTime" : 1.0,
    "maxResTime" : 3248.0,
    "pct1ResTime" : 2582.0,
    "pct2ResTime" : 2722.25,
    "pct3ResTime" : 2963.8999999999996,
    "throughput" : 1.4823113126993777,
    "receivedKBytesPerSec" : 0.4368925277335665,
    "sentKBytesPerSec" : 0.7307491649190877
  },
  "LoginTodoLogout-AccessLoginPage" : {
    "transaction" : "LoginTodoLogout-AccessLoginPage",
    "sampleCount" : 457,
    "errorCount" : 0,
    "errorPct" : 0.0,
    "meanResTime" : 2.4814004376367578,
    "medianResTime" : 2.0,
    "minResTime" : 1.0,
    "maxResTime" : 204.0,
    "pct1ResTime" : 3.0,
    "pct2ResTime" : 3.0,
    "pct3ResTime" : 7.0,
    "throughput" : 1.5323589274158125,
    "receivedKBytesPerSec" : 7.1455213656352585,
    "sentKBytesPerSec" : 0.6404781454433278
  },
  "Create/Edit Todos-AccessTodo" : {
    "transaction" : "Create/Edit Todos-AccessTodo",
    "sampleCount" : 239,
    "errorCount" : 0,
    "errorPct" : 0.0,
    "meanResTime" : 1500.9414225941425,
    "medianResTime" : 1155.0,
    "minResTime" : 173.0,
    "maxResTime" : 3753.0,
    "pct1ResTime" : 3122.0,
    "pct2ResTime" : 3396.0,
    "pct3ResTime" : 3603.4,
    "throughput" : 0.8041316891812325,
    "receivedKBytesPerSec" : 444.15744126726446,
    "sentKBytesPerSec" : 0.4193585399037734
  },
  "Registration-Open Registration Page" : {
    "transaction" : "Registration-Open Registration Page",
    "sampleCount" : 206,
    "errorCount" : 0,
    "errorPct" : 0.0,
    "meanResTime" : 1.315533980582524,
    "medianResTime" : 1.0,
    "minResTime" : 0.0,
    "maxResTime" : 5.0,
    "pct1ResTime" : 2.0,
    "pct2ResTime" : 2.0,
    "pct3ResTime" : 3.930000000000007,
    "throughput" : 0.6935116264194264,
    "receivedKBytesPerSec" : 3.2183273913526507,
    "sentKBytesPerSec" : 0.3393059812852858
  },
  "Create/Edit Todos - PUT /todo" : {
    "transaction" : "Create/Edit Todos - PUT /todo",
    "sampleCount" : 748,
    "errorCount" : 5,
    "errorPct" : 0.6684492,
    "meanResTime" : 1391.9826203208552,
    "medianResTime" : 1630.0,
    "minResTime" : 9.0,
    "maxResTime" : 4090.0,
    "pct1ResTime" : 2566.4,
    "pct2ResTime" : 2751.1499999999996,
    "pct3ResTime" : 3034.04,
    "throughput" : 2.5833903198845074,
    "receivedKBytesPerSec" : 0.6965371442225999,
    "sentKBytesPerSec" : 1.913464438017628
  },
  "Create/Edit Todos-ReturnToLoginPage" : {
    "transaction" : "Create/Edit Todos-ReturnToLoginPage",
    "sampleCount" : 110,
    "errorCount" : 0,
    "errorPct" : 0.0,
    "meanResTime" : 0.609090909090909,
    "medianResTime" : 1.0,
    "minResTime" : 0.0,
    "maxResTime" : 3.0,
    "pct1ResTime" : 1.0,
    "pct2ResTime" : 1.0,
    "pct3ResTime" : 2.780000000000001,
    "throughput" : 0.4003508529292944,
    "receivedKBytesPerSec" : 1.8516226947979866,
    "sentKBytesPerSec" : 0.2001754264646472
  },
  "Create/Edit Subtasks-Add Subtasks" : {
    "transaction" : "Create/Edit Subtasks-Add Subtasks",
    "sampleCount" : 721,
    "errorCount" : 5,
    "errorPct" : 0.69348127,
    "meanResTime" : 1421.3356449375874,
    "medianResTime" : 1658.0,
    "minResTime" : 9.0,
    "maxResTime" : 3335.0,
    "pct1ResTime" : 2546.4,
    "pct2ResTime" : 2737.7999999999997,
    "pct3ResTime" : 3031.959999999999,
    "throughput" : 2.527368136933577,
    "receivedKBytesPerSec" : 0.8468674196482717,
    "sentKBytesPerSec" : 2.319712918277674
  },
  "Registration-Open Home Page" : {
    "transaction" : "Registration-Open Home Page",
    "sampleCount" : 209,
    "errorCount" : 0,
    "errorPct" : 0.0,
    "meanResTime" : 3.244019138755979,
    "medianResTime" : 2.0,
    "minResTime" : 0.0,
    "maxResTime" : 275.0,
    "pct1ResTime" : 3.0,
    "pct2ResTime" : 3.0,
    "pct3ResTime" : 4.900000000000006,
    "throughput" : 0.6991275958038964,
    "receivedKBytesPerSec" : 3.260092060511333,
    "sentKBytesPerSec" : 0.30586832316420465
  },
  "Create/Edit Todos-AccessDashboard" : {
    "transaction" : "Create/Edit Todos-AccessDashboard",
    "sampleCount" : 239,
    "errorCount" : 0,
    "errorPct" : 0.0,
    "meanResTime" : 0.9790794979079497,
    "medianResTime" : 1.0,
    "minResTime" : 0.0,
    "maxResTime" : 23.0,
    "pct1ResTime" : 1.0,
    "pct2ResTime" : 2.0,
    "pct3ResTime" : 6.599999999999966,
    "throughput" : 0.8134370267004748,
    "receivedKBytesPerSec" : 19.76953836278781,
    "sentKBytesPerSec" : 0.5163584813147729
  },
  "LoginTodoLogout-AccessDashboard" : {
    "transaction" : "LoginTodoLogout-AccessDashboard",
    "sampleCount" : 430,
    "errorCount" : 0,
    "errorPct" : 0.0,
    "meanResTime" : 0.8511627906976741,
    "medianResTime" : 1.0,
    "minResTime" : 0.0,
    "maxResTime" : 8.0,
    "pct1ResTime" : 1.0,
    "pct2ResTime" : 2.0,
    "pct3ResTime" : 4.3799999999999955,
    "throughput" : 1.483060346760203,
    "receivedKBytesPerSec" : 36.04386997052849,
    "sentKBytesPerSec" : 0.9411195402685375
  },
  "Create/Edit Subtasks-Edit Subtasks" : {
    "transaction" : "Create/Edit Subtasks-Edit Subtasks",
    "sampleCount" : 693,
    "errorCount" : 8,
    "errorPct" : 1.1544012,
    "meanResTime" : 1460.3722943722937,
    "medianResTime" : 1719.0,
    "minResTime" : 3.0,
    "maxResTime" : 4977.0,
    "pct1ResTime" : 2579.6000000000004,
    "pct2ResTime" : 2780.0999999999995,
    "pct3ResTime" : 3096.319999999999,
    "throughput" : 2.44201534981077,
    "receivedKBytesPerSec" : 0.8161318040784828,
    "sentKBytesPerSec" : 2.352013109975263
  },
  "Create/Edit Todos - GET /todo" : {
    "transaction" : "Create/Edit Todos - GET /todo",
    "sampleCount" : 1506,
    "errorCount" : 0,
    "errorPct" : 0.0,
    "meanResTime" : 1953.879814077023,
    "medianResTime" : 2216.0,
    "minResTime" : 172.0,
    "maxResTime" : 4312.0,