{
  "LoginTodoLogout-Logout" : {
    "transaction" : "LoginTodoLogout-Logout",
    "sampleCount" : 439,
    "errorCount" : 0,
    "errorPct" : 0.0,
    "meanResTime" : 1.5011389521640086,
    "medianResTime" : 2.0,
    "minResTime" : 0.0,
    "maxResTime" : 5.0,
    "pct1ResTime" : 2.0,
    "pct2ResTime" : 2.0,
    "pct3ResTime" : 3.0,
    "throughput" : 1.5377663505897106,
    "receivedKBytesPerSec" : 0.25228979189362444,
    "sentKBytesPerSec" : 0.97733559758336
  },
  "Registration-Submit Registration" : {
    "transaction" : "Registration-Submit Registration",
    "sampleCount" : 204,
    "errorCount" : 2,
    "errorPct" : 0.98039216,
    "meanResTime" : 195.5098039215686,
    "medianResTime" : 108.0,
    "minResTime" : 8.0,
    "maxResTime" : 1087.0,
    "pct1ResTime" : 498.5,
    "pct2ResTime" : 579.75,
    "pct3ResTime" : 1016.5499999999995,
    "throughput" : 0.723386298921658,
    "receivedKBytesPerSec" : 0.13775422684543293,
    "sentKBytesPerSec" : 0.3652253091235324
  },
  "Create/Edit Todos-AccessLoginPage" : {
    "transaction" : "Create/Edit Todos-AccessLoginPage",
    "sampleCount" : 490,
    "errorCount" : 0,
    "errorPct" : 0.0,
    "meanResTime" : 1.4448979591836741,
    "medianResTime" : 1.0,
    "minResTime" : 0.0,
    "maxResTime" : 8.0,
    "pct1ResTime" : 2.0,
    "pct2ResTime" : 3.0,
    "pct3ResTime" : 4.0,
    "throughput" : 1.6355740698089716,
    "receivedKBytesPerSec" : 7.626822444665859,
    "sentKBytesPerSec" : 0.6836188494904686
  },
  "Create/Edit Todos - POST /todo" : {
    "transaction" : "Create/Edit Todos - POST /todo",
    "sampleCount" : 1118,
    "errorCount" : 9,
    "errorPct" : 0.80500895,
    "meanResTime" : 157.95438282647584,
    "medianResTime" : 79.0,
    "minResTime" : 3.0,
    "maxResTime" : 1151.0,
    "pct1ResTime" : 393.1,
    "pct2ResTime" : 528.0,
    "pct3ResTime" : 853.0999999999995,
    "throughput" : 3.840142889037732,
    "receivedKBytesPerSec" : 1.0412171866144573,
    "sentKBytesPerSec" : 2.644042926820891
  },
  "LoginTodoLogout-Login" : {
    "transaction" : "LoginTodoLogout-Login",
    "sampleCount" : 485,
    "errorCount" : 2,
    "errorPct" : 0.41237113,
    "meanResTime" : 138.0886597938144,
    "medianResTime" : 60.0,
    "minResTime" : 0.0,
    "maxResTime" : 1147.0,
    "pct1ResTime" : 366.80000000000024,
    "pct2ResTime" : 512.8999999999999,
    "pct3ResTime" : 866.1799999999995,
    "throughput" : 1.6409694238336427,
    "receivedKBytesPerSec" : 0.48365710231021425,
    "sentKBytesPerSec" : 0.8089664705116102
  },
  "LoginTodoLogout-AccessLoginPage" : {
    "transaction" : "LoginTodoLogout-AccessLoginPage",
    "sampleCount" : 506,
    "errorCount" : 0,
    "errorPct" : 0.0,
    "meanResTime" : 1.9604743083003948,
    "medianResTime" : 2.0,
    "minResTime" : 0.0,
    "maxResTime" : 9.0,
    "pct1ResTime" : 3.0,
    "pct2ResTime" : 3.0,
    "pct3ResTime" : 4.930000000000007,
    "throughput" : 1.6891271618991666,
    "receivedKBytesPerSec" : 7.8765451153012895,
    "sentKBytesPerSec" : 0.7060023684500423
  },
  "Create/Edit Todos-AccessTodo" : {
    "transaction" : "Create/Edit Todos-AccessTodo",
    "sampleCount" : 439,
    "errorCount" : 26,
    "errorPct" : 5.922551,
    "meanResTime" : 449.5876993166289,
    "medianResTime" : 426.0,
    "minResTime" : 42.0,
    "maxResTime" : 1664.0,
    "pct1ResTime" : 861.0,
    "pct2ResTime" : 1033.0,
    "pct3ResTime" : 1554.6000000000015,
    "throughput" : 1.4799182842387018,
    "receivedKBytesPerSec" : 389.04531457007363,
    "sentKBytesPerSec" : 0.7718233956455344
  },
  "Registration-Open Registration Page" : {
    "transaction" : "Registration-Open Registration Page",
    "sampleCount" : 214,
    "errorCount" : 0,
    "errorPct" : 0.0,
    "meanResTime" : 1.2242990654205608,
    "medianResTime" : 1.0,
    "minResTime" : 0.0,
    "maxResTime" : 4.0,
    "pct1ResTime" : 2.0,
    "pct2ResTime" : 2.0,
    "pct3ResTime" : 3.0,
    "throughput" : 0.7298996217482802,
    "receivedKBytesPerSec" : 3.387190432175613,
    "sentKBytesPerSec" : 0.357109092281141
  },
  "Create/Edit Todos - PUT /todo" : {
    "transaction" : "Create/Edit Todos - PUT /todo",
    "sampleCount" : 1049,
    "errorCount" : 22,
    "errorPct" : 2.0972354,
    "meanResTime" : 169.53193517635845,
    "medianResTime" : 88.0,
    "minResTime" : 2.0,
    "maxResTime" : 1127.0,
    "pct1ResTime" : 426.0,
    "pct2ResTime" : 552.5,
    "pct3ResTime" : 857.5,
    "throughput" : 3.6537028135949785,
    "receivedKBytesPerSec" : 0.9876340587187311,
    "sentKBytesPerSec" : 2.7055692192082366
  },
  "Create/Edit Todos-ReturnToLoginPage" : {
    "transaction" : "Create/Edit Todos-ReturnToLoginPage",
    "sampleCount" : 146,
    "errorCount" : 0,
    "errorPct" : 0.0,
    "meanResTime" : 0.6575342465753425,
    "medianResTime" : 1.0,
    "minResTime" : 0.0,
    "maxResTime" : 2.0,
    "pct1ResTime" : 1.0,
    "pct2ResTime" : 1.0,
    "pct3ResTime" : 2.0,
    "throughput" : 0.5489960141385275,
    "receivedKBytesPerSec" : 2.5391065653906897,
    "sentKBytesPerSec" : 0.27449800706926375
  },
  "Create/Edit Subtasks-Add Subtasks" : {
    "transaction" : "Create/Edit Subtasks-Add Subtasks",
    "sampleCount" : 974,
    "errorCount" : 23,
    "errorPct" : 2.3613963,
    "meanResTime" : 163.94147843942523,
    "medianResTime" : 83.5,
    "minResTime" : 2.0,
    "maxResTime" : 1232.0,
    "pct1ResTime" : 404.5,
    "pct2ResTime" : 517.0,
    "pct3ResTime" : 929.75,
    "throughput" : 3.4196436408320903,
    "receivedKBytesPerSec" : 1.1454641830509962,
    "sentKBytesPerSec" : 3.1372676753269553
  },
  "Registration-Open Home Page" : {
    "transaction" : "Registration-Open Home Page",
    "sampleCount" : 218,
    "errorCount" : 0,
    "errorPct" : 0.0,
    "meanResTime" : 2.490825688073395,
    "medianResTime" : 2.0,
    "minResTime" : 1.0,
    "maxResTime" : 122.0,
    "pct1ResTime" : 3.0,
    "pct2ResTime" : 3.0,
    "pct3ResTime" : 3.0,
    "throughput" : 0.7273916336615494,
    "receivedKBytesPerSec" : 3.391889697982322,
    "sentKBytesPerSec" : 0.3182338397269278
  },
  "Create/Edit Todos-AccessDashboard" : {
    "transaction" : "Create/Edit Todos-AccessDashboard",
    "sampleCount" : 439,
    "errorCount" : 0,
    "errorPct" : 0.0,
    "meanResTime" : 0.9043280182232349,
    "medianResTime" : 1.0,
    "minResTime" : 0.0,
    "maxResTime" : 27.0,
    "pct1ResTime" : 1.0,
    "pct2ResTime" : 2.0,
    "pct3ResTime" : 3.0,
    "throughput" : 1.4881255042338697,
    "receivedKBytesPerSec" : 36.166972093621396,
    "sentKBytesPerSec" : 0.9446804333106216
  },
  "LoginTodoLogout-AccessDashboard" : {
    "transaction" : "LoginTodoLogout-AccessDashboard",
    "sampleCount" : 482,
    "errorCount" : 0,
    "errorPct" : 0.0,
    "meanResTime" : 0.8713692946058088,
    "medianResTime" : 1.0,
    "minResTime" : 0.0,
    "maxResTime" : 5.0,
    "pct1ResTime" : 1.0,
    "pct2ResTime" : 2.0,
    "pct3ResTime" : 2.0,
    "throughput" : 1.650046386158781,
    "receivedKBytesPerSec" : 40.10225040266951,
    "sentKBytesPerSec" : 1.0470885036355795
  },
  "Create/Edit Subtasks-Edit Subtasks" : {
    "transaction" : "Create/Edit Subtasks-Edit Subtasks",
    "sampleCount" : 911,
    "errorCount" : 18,
    "errorPct" : 1.9758507,
    "meanResTime" : 152.4742041712405,
    "medianResTime" : 80.0,
    "minResTime" : 2.0,
    "maxResTime" : 1056.0,
    "pct1ResTime" : 381.6000000000005,
    "pct2ResTime" : 471.4,
    "pct3ResTime" : 792.0399999999997,
    "throughput" : 3.225920679886686,
    "receivedKBytesPerSec" : 1.0772584045237252,
    "sentKBytesPerSec" : 3.1047287203434846
  },
  "Create/Edit Todos - GET /todo" : {
    "transaction" : "Create/Edit Todos - GET /todo",
    "sampleCount" : 2134,
    "errorCount" : 101,
    "errorPct" : 4.732896,
    "meanResTime" : 457.26850984067516,
    "medianResTime" : 457.5,
    "minResTime" : 42.0,
    "maxResTime" : 1882.0,
    "pct1ResTime" : 832.5,
    "pct2ResTime" : 979.5,
    "pct3ResTime" : 1435.5500000000006,
    "throughput" : 7.327315366417272,